Names,Password,Date and Time
Rudra,1231,2025-06-04 18:24:13
admin,12345,2025-06-04 19:00:52
Meenu,12345,2025-06-04 19:08:56
admin,12345,2025-06-04 19:13:27
Meera,123456,2025-06-17 18:54:52
Mayank,123456,2025-06-17 18:54:52
Mayank,1234567,2025-06-17 19:06:26
Mayank,123456,2025-06-18 13:20:26
Mayank,12345,2025-06-18 13:20:26
Meena,12345,2025-06-18 13:20:26
Meenu,123456,2025-06-18 13:20:26
Rudra ,1231,2025-06-18 13:20:26
Mayank,1234567,2025-06-18 13:20:26
Admin,12345,2025-06-18 20:17:26
Admin,12345,2025-06-18 20:18:12
Mayank,1234567,2025-06-19 13:10:50
Mayank,1234567,2025-06-19 13:14:23
Mayank,1234567,2025-06-19 13:19:12
Mayank,1234567,2025-06-19 19:38:56
Mayank ,1234567,2025-06-19 19:38:56
Mayank,1234567,2025-06-19 19:43:07
Mayank,1234567,2025-06-19 22:42:34
Mayank,1234567,2025-06-19 22:44:53
Admin,1234567,2025-06-20 13:19:16
Admin,12345,2025-06-20 13:19:16
Admin,1234567,2025-06-20 17:21:27
Admin,12345,2025-06-20 17:21:27
Admin,12345,2025-06-20 17:27:21
Admin,12345,2025-06-20 17:31:31
Admin,12345,2025-06-20 17:35:18
